CodeVP;Pseudo;TelVP;MailVP;CodeVP2;Prénom;Nom
1;AlexDuran;0629417400;AlexDuran@gmail.com;;Alex;Duran
2;LaurenThomas;0637492120;LaurenThomas@gmail.com;;Lauren;Thomas
3;AmandaJohnson;0692747164;AmandaJohnson@gmail.com;;Amanda;Johnson
4;JenniferDavid;0668421716;JenniferDavid@gmail.com;;Jennifer;David
5;CindyErickson;0648236955;CindyErickson@gmail.com;;Cindy;Erickson
6;EmilyCalderon;0610686529;EmilyCalderon@gmail.com;;Emily;Calderon
7;PeterJohnson;0654776611;PeterJohnson@gmail.com;;Peter;Johnson
8;KarenGonzalez;0681300318;KarenGonzalez@gmail.com;;Karen;Gonzalez
9;DanielSmith;0682747447;DanielSmith@gmail.com;;Daniel;Smith
10;RobertBates;0621177506;RobertBates@gmail.com;;Robert;Bates
11;KimberlyNelson;0681136115;KimberlyNelson@gmail.com;;Kimberly;Nelson
12;TammySilva;0669967754;TammySilva@gmail.com;;Tammy;Silva
13;CindyWood;0676675165;CindyWood@gmail.com;;Cindy;Wood
14;RebeccaMorales;0616566716;RebeccaMorales@gmail.com;;Rebecca;Morales
15;JenniferMiller;0674370037;JenniferMiller@gmail.com;;Jennifer;Miller
16;JohnHudson;0693524783;JohnHudson@gmail.com;;John;Hudson
17;RobertSalinas;0690984391;RobertSalinas@gmail.com;;Robert;Salinas
18;MichaelSimmons;0683783431;MichaelSimmons@gmail.com;;Michael;Simmons
19;KristenPayne;0618426088;KristenPayne@gmail.com;;Kristen;Payne
20;NatalieMiller;0684422861;NatalieMiller@gmail.com;;Natalie;Miller
21;SarahMoon;0657266681;SarahMoon@gmail.com;;Sarah;Moon
22;DanielJones;0614222384;DanielJones@gmail.com;;Daniel;Jones
23;MichaelWright;0622914056;MichaelWright@gmail.com;;Michael;Wright
24;BaileyBernard;0615377065;BaileyBernard@gmail.com;;Bailey;Bernard
25;ErikaNguyen;0643937890;ErikaNguyen@gmail.com;;Erika;Nguyen
26;JosephJones;0693370645;JosephJones@gmail.com;;Joseph;Jones
27;SarahCook;0678778675;SarahCook@gmail.com;;Sarah;Cook
28;ChristopherPotts;0610762795;ChristopherPotts@gmail.com;;Christopher;Potts
29;JocelynOdonnell;0652191910;JocelynOdonnell@gmail.com;;Jocelyn;Odonnell
30;KarenLong;0677364705;KarenLong@gmail.com;;Karen;Long
31;MichelleWard;0639284844;MichelleWard@gmail.com;8;Michelle;Ward
32;PeterElliott;0696752753;PeterElliott@gmail.com;22;Peter;Elliott
33;JasminePorter;0617169721;JasminePorter@gmail.com;16;Jasmine;Porter
34;SarahThornton;0650548416;SarahThornton@gmail.com;5;Sarah;Thornton
35;JosephHenry;0684231396;JosephHenry@gmail.com;6;Joseph;Henry
36;JosephLynch;0690786356;JosephLynch@gmail.com;10;Joseph;Lynch
37;BrendaBarnes;0613905366;BrendaBarnes@gmail.com;11;Brenda;Barnes
38;ClaireChapman;0661509544;ClaireChapman@gmail.com;2;Claire;Chapman
39;BillyCarpenter;0685429245;BillyCarpenter@gmail.com;25;Billy;Carpenter
40;LindsayCombs;0674826426;LindsayCombs@gmail.com;28;Lindsay;Combs
41;JustinThomas;0693809402;JustinThomas@gmail.com;3;Justin;Thomas
42;ChristopherCarter;0694675119;ChristopherCarter@gmail.com;13;Christopher;Carter
43;TravisTownsend;0698360408;TravisTownsend@gmail.com;2;Travis;Townsend
44;MoniqueVargas;0658326849;MoniqueVargas@gmail.com;12;Monique;Vargas
45;JosephJennings;0678845669;JosephJennings@gmail.com;3;Joseph;Jennings
46;DonnaJohnson;0670057032;DonnaJohnson@gmail.com;9;Donna;Johnson
47;AndrewBlankenship;0665568967;AndrewBlankenship@gmail.com;22;Andrew;Blankenship
48;JosephPalmer;0679938971;JosephPalmer@gmail.com;25;Joseph;Palmer
49;MatthewEvans;0660848891;MatthewEvans@gmail.com;13;Matthew;Evans
50;NancyAnderson;0612339351;NancyAnderson@gmail.com;2;Nancy;Anderson
